,x1,x2,f_predict,f
0,-1.2112023,0.82673305,-0.98148245,-1.0332971
1,0.69954103,-0.12198293,5.8982525,6.013824
2,1.0698879,-1.5011897,11.208683,11.443821
3,-0.22313617,-0.2567134,4.636582,4.626553
4,0.49388015,-0.8890165,8.374267,8.210417
5,-0.814358,-0.71506834,5.0099864,5.0025163
6,-0.043191656,-1.9087942,10.893883,10.603517
7,-1.4624277,0.05295097,1.022366,1.0951111
8,0.96098495,0.4845427,4.369626,4.4745245
9,1.0769279,-0.4130781,7.7415905,7.7583213
